{
  "K": [
    [
      3954.809289,
      0.0,
      2133.663739
    ],
    [
      0.0,
      3956.467881,
      2889.19027
    ],
    [
      0.0,
      0.0,
      1.0
    ]
  ],
  "err1": 4.276987373285322,
  "err2": 4.193025070271838
}