{
  "K": [
    [
      3990.1574415286,
      0.0,
      2818.227108019
    ],
    [
      0.0,
      3988.4486191714,
      2135.8102621727
    ],
    [
      0.0,
      0.0,
      1.0
    ]
  ],
  "err1": 9.177279394572224,
  "err2": 9.073650963613174
}